{
  "M0_Baseline": {
    "ROC-AUC": 0.5,
    "PR-AUC": 0.25886859124810935,
    "F1": 0.6309411940736901,
    "Accuracy": 0.7411314087518907,
    "Denial_Precision": 0.0,
    "Denial_Recall": 0.0,
    "Denial_F1": 0.0,
    "Train_Time_s": 0.06079530715942383,
    "Confusion": {
      "TP": 0,
      "FP": 0,
      "FN": 397063,
      "TN": 1136777
    }
  },
  "M1_NaiveBayes": {
    "ROC-AUC": 0.9985852724550879,
    "PR-AUC": 0.9936501364480277,
    "F1": 0.9920707745657034,
    "Accuracy": 0.9920904396808011,
    "Denial_Precision": 0.9921472461663168,
    "Denial_Recall": 0.9771799437368881,
    "Denial_F1": 0.9846067176223393,
    "Train_Time_s": 61.457210063934326,
    "Confusion": {
      "TP": 388002,
      "FP": 3071,
      "FN": 9061,
      "TN": 1133706
    }
  },
  "M2_LogisticRegression": {
    "ROC-AUC": 0.9996545681349112,
    "PR-AUC": 0.9988646869121239,
    "F1": 0.9937909623824428,
    "Accuracy": 0.9937900954467219,
    "Denial_Precision": 0.9875869392356393,
    "Denial_Recall": 0.9884350846087396,
    "Denial_F1": 0.9880108299023119,
    "Train_Time_s": 499.5772500038147,
    "Confusion": {
      "TP": 392471,
      "FP": 4933,
      "FN": 4592,
      "TN": 1131844
    }
  },
  "M3_LinearSVM": {
    "ROC-AUC": 0.9994104441672789,
    "PR-AUC": 0.9975518095700885,
    "F1": 0.9943405436917865,
    "Accuracy": 0.9943481719084128,
    "Denial_Precision": 0.9931461279050869,
    "Denial_Recall": 0.9849646025945505,
    "Denial_F1": 0.9890384457327829,
    "Train_Time_s": 308.7870099544525,
    "Confusion": {
      "TP": 391093,
      "FP": 2699,
      "FN": 5970,
      "TN": 1134078
    }
  },
  "M4_DecisionTree": {
    "ROC-AUC": 0.9994309229214765,
    "PR-AUC": 0.9981808079766554,
    "F1": 0.9938295483380655,
    "Accuracy": 0.9938253012048193,
    "Denial_Precision": 0.9860112151032733,
    "Denial_Recall": 0.9901955105361114,
    "Denial_F1": 0.9880989330381208,
    "Train_Time_s": 439.34944796562195,
    "Confusion": {
      "TP": 393170,
      "FP": 5578,
      "FN": 3893,
      "TN": 1131199
    }
  },
  "M5_RandomForest": {
    "ROC-AUC": 0.9994571433942714,
    "PR-AUC": 0.9981328016133152,
    "F1": 0.9941949525528131,
    "Accuracy": 0.994196917540291,
    "Denial_Precision": 0.9898091551037508,
    "Denial_Recall": 0.9877525732692293,
    "Denial_F1": 0.9887797948067631,
    "Train_Time_s": 871.3715310096741,
    "Confusion": {
      "TP": 392200,
      "FP": 4038,
      "FN": 4863,
      "TN": 1132739
    }
  },
  "M6_GBT": {
    "ROC-AUC": 0.9997266914086189,
    "PR-AUC": 0.9989406095623944,
    "F1": 0.9940985140844392,
    "Accuracy": 0.9940952120168988,
    "Denial_Precision": 0.9869162115492731,
    "Denial_Recall": 0.9903189166454693,
    "Denial_F1": 0.988614636169932,
    "Train_Time_s": 3928.1331548690796,
    "Confusion": {
      "TP": 393219,
      "FP": 5213,
      "FN": 3844,
      "TN": 1131564
    }
  },
  "M7_MLP": {
    "ROC-AUC": 0.9893805472697742,
    "PR-AUC": 0.9846341651199572,
    "F1": 0.993550877076196,
    "Accuracy": 0.9935612580190893,
    "Denial_Precision": 0.9924026035135733,
    "Denial_Recall": 0.9826501084210818,
    "Denial_F1": 0.9875022778351455,
    "Train_Time_s": 248.53541207313538,
    "Confusion": {
      "TP": 390174,
      "FP": 2987,
      "FN": 6889,
      "TN": 1133790
    }
  },
  "E_A_SoftVote_All": {
    "ROC-AUC": 0.9996445534593439,
    "PR-AUC": 0.9987997290218878,
    "F1": 0.9943489054393433,
    "Accuracy": 0.9943481719084128,
    "Denial_Precision": 0.9886934420453973,
    "Denial_Recall": 0.9894827772922685,
    "Denial_F1": 0.9890879521878853,
    "Train_Time_s": 0.26659107208251953,
    "Confusion": {
      "TP": 392887,
      "FP": 4493,
      "FN": 4176,
      "TN": 1132284
    }
  },
  "E_B_WeightedVote_Top3": {
    "ROC-AUC": 0.9997301783876524,
    "PR-AUC": 0.9989638562358053,
    "F1": 0.6309411940736901,
    "Accuracy": 0.7411314087518907,
    "Denial_Precision": 0.0,
    "Denial_Recall": 0.0,
    "Denial_F1": 0.0,
    "Train_Time_s": 0.018112897872924805,
    "Confusion": {
      "TP": 0,
      "FP": 0,
      "FN": 397063,
      "TN": 1136777
    }
  },
  "E_C_Stacking_LR": {
    "ROC-AUC": 0.9996390140782483,
    "PR-AUC": 0.9987744058773791,
    "F1": 0.994897049182105,
    "Accuracy": 0.9949010327022375,
    "Denial_Precision": 0.9925069085240559,
    "Denial_Recall": 0.9877601287453125,
    "Denial_F1": 0.9901278295236088,
    "Train_Time_s": 562.0940759181976,
    "Confusion": {
      "TP": 392203,
      "FP": 2961,
      "FN": 4860,
      "TN": 1133816
    }
  }
}